{
  "client": [
    {
      "id": 1,
      "clientName": "OTHERS",
      "phone": "NA",
      "village": "NA",
      "photo": "Passport.jpg",
      "balance": 0
    },
    {
      "id": 2,
      "clientName": "NARAVA SRIN",
      "phone": "7896786376",
      "village": "NARAV",
      "photo": "1242ece5-f653-189e-bad3-536465948663.png",
      "balance": 0
    },
    {
      "id": 3,
      "clientName": "GURUVU GARU",
      "phone": "1438978",
      "village": "GANTYADA",
      "photo": "Passport.jpg",
      "balance": 0
    },
    {
      "id": 4,
      "clientName": "New CLIENT",
      "phone": "5453423534",
      "village": "GTD",
      "photo": "Passport.jpg",
      "balance": 0
    }
  ]
}