{
  "user": [
    {
      "userId": 1,
      "username": "satya",
      "firstName": "SATYA",
      "lastName": "G",
      "photo": "Passport.jpg",
      "passwordHash": "H6d51IufVO4C5wEJK35qjBT9HEdH0VNYbogzzzXKTaofb+b4uiOj/ibz6nmJf27e7nA5Zam4guzbpwCWe9anig==",
      "passwordSalt": "ojzmt3GskqqrnVNNaxapU8ZoITZ695HrSr+3VoqfGrUU0a/qePSlWgWfSY0Tm0AoA5kNHFy5nP7unyeX9G9rjEPFbO06LEMZhE6AW32AcqBKGryUGWyC4EIJQnzlZnPymi3ulxAqnH28MihmPVb036/MvTfczKX7h2RuFCYDAto="
    },
    {
      "userId": 2,
      "username": "chinni",
      "firstName": "Chinni",
      "lastName": "-",
      "photo": "Passport.jpg",
      "passwordHash": "XuSW1dpC+aeX6vL+xfJmN721JyQbXpTNYyNzGUz4P2ACQjtiqsdmHMK8zVC2SnOGHycRAjyXPenOr3AFX3vrYw==",
      "passwordSalt": "O4PyLil1V3QKgGE+8YinYtqnJirwO27CKpwd77D6N6IlzkAiOR20mdZOLt4G0ql3I9mkDlJze7hE4/pG+TFBO3qZEyzlg508FrViqOKZ6X5JepJXI2KeFEAsIuWr9MDxD/s5zcdls1+FQo3Bxipb+rzWHg+YFyI2z5c8Z5ppleY="
    },
    {
      "userId": 3,
      "username": "ramya",
      "firstName": "Ramya",
      "lastName": "-",
      "photo": "Passport.jpg",
      "passwordHash": "CIajXJT6D1xXneMFBtn78ZtyprrHLTJCjBzEffULD2qfZf8QR5fX5hH+89P6g7mjJejhc8ZcX8hmQAMzrt75/A==",
      "passwordSalt": "c+0XjSdbf4OjLNsZO53D/6GdJ7Ss1zwHivsESbrm2+tgWJYyTjrqN3EgePGKnhtWgub2T7b8vpuY6DslREYGyh7oDHNHKgXEyW7n4h88h0gyyFBeD+IIe8rRCx7tdY96/2enPfiUmIHE4FG4RifCSwtfVwpktNvsVYdkoC+52n4="
    },
    {
      "userId": 4,
      "username": "anusha",
      "firstName": "Anusha",
      "lastName": "-",
      "photo": "Passport.jpg",
      "passwordHash": "kpgqgsnm8pZ7lEVcvdmYawYHET/s5CFsWFXbft7sr+alvINndcpfLPUpgHmNlcefm3aFN2e46jwcg48fhWEadw==",
      "passwordSalt": "8k9D2wpHEsFydkDIeodjav9v904y2JpfGWESkaorZ1YRp6Eu8tiGOvSRRtF8Ff2R91P1PuoJCAq8J4od5m3aSnMSeCenrnIUs3ege3mtWfBOtKrzyZHfzHNpAnJWkYXaKqUfeQ/FLk1Z4ZGO7T+tdrrVYsfIgyYY3vF1ml8tJYg="
    },
    {
      "userId": 5,
      "username": "rajesh",
      "firstName": "Rajesh",
      "lastName": "-",
      "photo": "Passport.jpg",
      "passwordHash": "CsRURiYaiiJ+dteE2+ELasxCxDMrTiO47Y/268k/mC0I9mPXXz43yapE1yMh01KgdiKe1nyOvnJCbt/PqmjsvQ==",
      "passwordSalt": "Mz6nTV0c1HItsx/r1Nw/x+NR76upkfzgsb66MaK6B8fIKJ26fwcThSPcK/k88hF2tkHV0fSY2ukDW0d90ACsduqrs/2/k4Pd6iBi4+LE8H6DsuR58iAphU/zBs+sB1hW1+JhSa3kPkwwInbORJjWIOzys1uV0WJa+IvPGvWWHKg="
    },
    {
      "userId": 6,
      "username": "sravani",
      "firstName": "Sravani",
      "lastName": "-",
      "photo": "Passport.jpg",
      "passwordHash": "1FdOzGf6zl17QM52eWkpVYK4lsrpAnwxI8UpZWAhuwR7CPp0EdTU2z9mWT0X+bpOFXigAGMtmWAnwnLDo5giag==",
      "passwordSalt": "4omHx4hbuWDqPAHO3JPwpuYIVilNfMWJ9R+cPrdKmmNPKHAY8fIeNorZ2qc7QUQpW030kvem8RSpJRllAojz7rgq4wQNYJUXVKsb+TrN0Z4XSK6zqZ4aiMzwQJjreRCvOJI9+HM6mhSHVFIKXpD53dvw7+Gut1DMSKSelnVZIKo="
    }
  ]
}