{
  "cashEntry": [
    {
      "sNo": 1,
      "compOperaratorId": 1,
      "description": "CASH",
      "serviceTypeId": 1,
      "paymentTypeId": 1,
      "clientId": 2,
      "amount": 1000,
      "debitAmount": 100,
      "paidAmount": 900,
      "remarks": "",
      "createdDate": "2020-04-29T14:36:01.8524884+05:30",
      "updatedDate": null
    },
    {
      "sNo": 2,
      "compOperaratorId": 1,
      "description": "CASH",
      "serviceTypeId": 1,
      "paymentTypeId": 2,
      "clientId": 2,
      "amount": 1000,
      "debitAmount": 400,
      "paidAmount": 600,
      "remarks": "",
      "createdDate": "2020-04-29T17:32:52.8160397+05:30",
      "updatedDate": null
    },
    {
      "sNo": 5,
      "compOperaratorId": 1,
      "description": "CASH",
      "serviceTypeId": 1,
      "paymentTypeId": 2,
      "clientId": 2,
      "amount": 500,
      "debitAmount": 300,
      "paidAmount": 200,
      "remarks": "",
      "createdDate": "2020-04-30T12:25:24.6622121+05:30",
      "updatedDate": null
    },
    {
      "sNo": 3,
      "compOperaratorId": 1,
      "description": "CASH",
      "serviceTypeId": 1,
      "paymentTypeId": 1,
      "clientId": 2,
      "amount": 1000,
      "debitAmount": 400,
      "paidAmount": 600,
      "remarks": "",
      "createdDate": "2020-04-30T01:10:28.6182331+05:30",
      "updatedDate": "2020-04-30T17:29:17.7012521+05:30"
    },
    {
      "sNo": 4,
      "compOperaratorId": 1,
      "description": "OLD BALANCE RECEIVED",
      "serviceTypeId": 1,
      "paymentTypeId": 2,
      "clientId": 2,
      "amount": 900,
      "debitAmount": -900,
      "paidAmount": 900,
      "remarks": "",
      "createdDate": "2020-04-30T11:02:25.5242036+05:30",
      "updatedDate": "2020-04-30T17:29:25.2014096+05:30"
    },
    {
      "sNo": 6,
      "compOperaratorId": 1,
      "description": "OLD BALANCE RECEIVED - 10",
      "serviceTypeId": 1,
      "paymentTypeId": 1,
      "clientId": 2,
      "amount": 10,
      "debitAmount": 1,
      "paidAmount": 9,
      "remarks": "",
      "createdDate": "2020-05-25T16:28:17.4767405+05:30",
      "updatedDate": null
    },
    {
      "sNo": 7,
      "compOperaratorId": 1,
      "description": "OLD BALANCE RECEIVED - 10",
      "serviceTypeId": 1,
      "paymentTypeId": 1,
      "clientId": 2,
      "amount": 1000,
      "debitAmount": 0,
      "paidAmount": 1000,
      "remarks": null,
      "createdDate": "2020-05-25T16:28:30.6908517+05:30",
      "updatedDate": null
    }
  ]
}