{
  "cashEntry": [
    {
      "sNo": 1,
      "compOperaratorId": 1,
      "description": "CASH",
      "serviceTypeId": 1,
      "paymentTypeId": 1,
      "clientId": 2,
      "amount": 1000,
      "debitAmount": 100,
      "paidAmount": 900,
      "remarks": "",
      "createdDate": "2020-04-29T14:36:01.8524884+05:30",
      "updatedDate": null
    },
    {
      "sNo": 2,
      "compOperaratorId": 1,
      "description": "CASH",
      "serviceTypeId": 1,
      "paymentTypeId": 2,
      "clientId": 2,
      "amount": 1000,
      "debitAmount": 400,
      "paidAmount": 600,
      "remarks": "",
      "createdDate": "2020-04-29T17:32:52.8160397+05:30",
      "updatedDate": null
    }
  ]
}