{
  "user": [
    {
      "userId": 1,
      "username": "suresh",
      "firstName": "Suresh",
      "lastName": "Kandi",
      "photo": "Passport.jpg",
      "passwordHash": "ULMIzWOTu2sXwoaSuqgpzR7gQa0pwpX5pSvq7h3i3Kj76rfuS18zsjIbcFxvY0UTm8GYl6E9V0ICAFZqYGgRvw==",
      "passwordSalt": "I3FUkkBvWaQVAX5D2qParDip3zZ7aFyFsi9+uKq5E6srtiCpMuBbY+xEiMrcTwFlNZGjqsvd6+M0VnhOMypCfGB9NF9/o/jq62AnEXajcb1UZy0EbwJONhr+GoJPEIfAe5u3XhtfVa0TOoJssB2iaQEZ0gzAwkSM1eSC2GqXtGk="
    },
    {
      "userId": 2,
      "username": "pallavi",
      "firstName": "Pallavi",
      "lastName": "Kandi",
      "photo": "Passport.jpg",
      "passwordHash": "sBAfUOR3edxkZLvdd2QN1Zrog/3JQG5ZiTPfW/PwPCyekUCx3oH1jxRZsCBFvKuyQezCTgLBXaqxDuhRv6VKWQ==",
      "passwordSalt": "0sO4W1ipTkldwkeyNGnbL93gvhrqBC+bfged9VgsVtEHGj5lVnYgNlNXbVYU3uhSdX+05pFJC+fqks4iWRBCa/U5t6FmvTe/XshMzTYhb9AbiQmmHpww5maUO2ThmWD0bNPmgPgsQtif7d66BMGM1R6uVJA6tE4jSpnioxQv69k="
    }
  ]
}